,Feature_1,Feature_2,Feature_3,Feature_4,Feature_5,Feature_6,Feature_7,Feature_8,Feature_9,Feature_10,label
Sample_1,7.270847231771107,7.506265913929025,5.431653814725465,6.511591184638114,5.470152045243353,11.19287760815297,9.767514784165337,3.573037086944847,5.908860178464266,7.292280939871798,1
Sample_2,4.415942684021817,9.175629094661403,5.649482726367336,7.670019797463363,9.747005952707912,8.52857870232052,5.736165520677381,7.393359559319412,6.1957392186803695,8.316247192775094,1
Sample_3,5.79917097517401,4.748161338572105,7.489533272561122,9.287615739741575,9.547766021609927,10.180630898979006,4.279896067342472,6.189489455688142,11.029725772159793,6.0437034989933895,1
Sample_4,12.91147768610117,5.034453764520331,6.744787702991903,10.872632179773262,7.982654656930233,8.296565863092297,4.0599466322119495,5.177701293446167,8.897030164536952,9.697046711047811,1
Sample_5,6.174600304950781,8.033824447661537,12.583779445235777,7.292583595655907,7.946512903695188,0.1288563866321759,7.082670829409454,4.412878149617994,7.509337508921112,4.909158059601946,1
Sample_6,8.609679055682967,4.681215272240271,-0.4846288893197026,8.260960508063093,4.478840915993741,8.82710822271807,5.476095180938714,7.825383005913983,6.720909699483546,8.569218361824165,1
Sample_7,6.49132448089087,8.284740957420594,4.324016618677948,7.126592409543214,4.0037742131309795,5.01382952091664,8.962444851851966,5.099923807362617,6.6746727460848545,7.615082087788304,1
Sample_8,10.444586149046419,8.293417823232847,6.346017976470561,6.555117224800396,6.071658882943898,11.583613997536405,10.763389488614488,4.471452610359265,5.47488233510059,6.479643120685007,1
Sample_9,4.223668130643698,5.522467993065426,12.640005952639573,5.697306530960633,9.250287435217519,7.044259474895451,7.129416481910605,6.855752445557353,9.278271610362676,6.888819439369003,1
Sample_10,5.828182313475251,4.747779382019358,3.7154823669766617,7.542891058644069,6.0031153867328735,9.75356516466997,2.8769103127869804,9.417592892837883,2.8020322121308676,4.904392017652236,1
Sample_11,12.051500843421039,7.904182457945816,8.578583056258731,5.968331250918558,6.899359235901039,6.694911825743226,7.967750107452927,7.687524713131614,4.552926738186577,10.335254146639343,1
Sample_12,9.549008842590078,8.740370762622346,7.124662204486219,7.219461692100666,6.739791131593298,4.185736542887522,6.359456329219492,10.450206897034114,5.288693837917515,13.795988847532488,1
Sample_13,6.89587191849722,4.179594949230063,11.49293641760518,8.068808065749502,8.40060620715656,5.533949099856537,5.069758168329061,8.598758041340693,7.258917896287523,11.100446428881192,1
Sample_14,8.839548585721019,6.638252987848931,8.151014923131541,12.187394969270807,6.594549488331657,4.460363715105711,10.226411879758755,2.209431424319178,9.542424001047575,5.487138787165305,1
Sample_15,5.716017954953312,8.906958014045186,4.567201654521799,4.852355662894069,9.548802967358977,7.71728748410898,7.525367630909135,10.63821443794367,1.8307789453686123,10.19192380473255,1
Sample_16,11.470162731306912,8.904486462669338,14.650670789649606,5.152475101605338,5.942375943272326,9.289222749277878,2.9631563187724472,9.35574639324005,10.763872526423235,5.865891873284555,1
Sample_17,6.565368424279565,11.07774927255454,7.538786975597013,3.832591893519375,4.599973363755747,6.4707413034189045,5.889336234121931,7.508225738983638,9.279510473141402,5.551167250550337,1
Sample_18,3.9057747519475132,3.0697819658401175,5.504287437677679,2.943871092652483,6.128499698854212,4.341597782297784,8.416232390680012,6.5811247227735326,7.194791090205554,6.09449806372188,1
Sample_19,4.426893217317624,10.406095399518517,3.3483889609513793,11.203332914862992,1.6542065784962872,6.925737342270117,11.275246163130298,3.6194887257353776,11.327935261853531,8.446906044541656,1
Sample_20,4.841188528674218,3.4831936471665603,5.538109214065008,3.3041382303956364,4.972498918100216,9.344642305682619,8.412615894681919,8.31380992684382,8.309191619613799,5.452442487403339,1
Sample_21,4.047851652840796,6.510444076663813,8.345118842565036,8.295567787245666,7.537803627451204,7.268889709495011,5.875700473880307,4.785251278652251,9.186282618853257,4.652749555445755,1
Sample_22,6.7576382428050135,2.7202470119943722,8.171546221702108,7.978521514251767,7.765609713788389,4.402264107116313,7.287079853782217,4.118492677938342,7.223054978730085,6.323550993783066,1
Sample_23,8.587441269756749,8.268865337406687,3.8462803156945506,2.9051628736413306,5.239631247524154,4.668405435385599,5.39112495298163,8.7919199390145,7.293641518695548,6.584144471656124,1
Sample_24,8.41827754364878,7.357561977873266,-0.9528415918914448,10.37383683142346,8.705982995630832,7.479878527135115,9.770435576547897,7.401642036897537,10.002114026329766,3.1284043204488774,1
Sample_25,4.701701667226166,6.608244987270126,6.487796254965165,8.24089391722773,9.749785559777544,9.599672353268025,10.651898665923627,7.073235526787388,6.4996769142361925,5.59652197004853,1
Sample_26,4.212443127341382,8.42300761290127,6.980335134230293,0.24105662291457985,9.888746213556804,6.964435718797854,7.446511718515249,9.77856876236334,4.264710717629386,7.923515443714079,1
Sample_27,6.524544227448934,6.392393510065421,8.673555642858581,4.791618238185478,8.24879405041096,9.217126708597593,3.879959247852481,9.010309502394637,6.048994845511782,5.498324673552183,1
Sample_28,5.53824117804165,5.887729258142166,7.615947178781357,6.955904340162253,8.86561909472634,-0.3845796994239883,3.3848542842601734,5.099697325612376,11.069248663504995,8.335570835441079,1
Sample_29,8.828334683904577,7.288968732960107,6.006689431885727,6.839691737552419,2.821434686937873,6.011944623969284,2.3254703603189797,7.5758601705994,7.070773558935621,5.70184461798157,1
Sample_30,3.423277531427608,7.040165961070724,6.259432412820392,10.255167299991896,5.992013325049243,8.070909165913834,7.281716884436278,6.687872377759586,8.25655361791808,7.751940645703061,1
Sample_31,8.130957029764343,2.8090687103062146,7.960439101672409,6.70294165671719,3.4230881741013204,6.719459488258082,0.5615677998454949,9.802199053227831,9.617071400280716,7.131979667464499,1
Sample_32,8.662063641378435,10.011258546677805,5.133798770964838,8.050461078826036,6.22482576052279,1.1645078985413053,9.497401913275507,4.3421602442816685,5.45455909381857,5.984092219014352,1
Sample_33,8.923271199112538,2.600201930424136,3.1812243037936225,3.973646509623042,5.497559708190607,6.30337947312567,10.518134079651215,5.878702380514788,6.467268276538632,11.098614760078163,1
Sample_34,3.694994086602582,6.71979890384222,8.024953067668262,6.320511322674845,6.122101674954467,6.674445084667194,6.1057451138007615,6.488740195731709,6.966557201701214,5.100870238733758,1
Sample_35,6.192912351033192,5.529805152261059,7.469879642018225,6.706801005554889,7.751306933511254,9.27584582676339,2.309270357305432,4.887631102982462,6.061981066019641,8.714671185109452,1
Sample_36,9.735213986914475,7.723116451103445,4.7394788294255745,8.306274729928525,9.162432339698336,7.091298591924776,8.794177922236045,7.486448420843958,6.350305034128523,8.367254517116626,1
Sample_37,9.275207021142586,6.149555700995594,12.120163456032293,3.9429935924132193,7.574521196963255,10.425099135713847,3.632603669528872,6.582213347225921,6.641280909389095,10.458539920468379,1
Sample_38,4.927451321866348,5.890522201627132,3.9975390580725065,7.7929748626271325,8.473208598664856,6.120522496107148,6.796473054479685,6.444835939300071,10.573603013129455,4.903562831715519,1
Sample_39,10.918149759461732,6.694540344544696,10.464046829069883,5.833703056258948,5.950233517685718,1.3503226657390344,11.505542487329901,8.12111824421582,7.835648284650299,4.850864937240491,1
Sample_40,9.540942435904412,6.420636362377609,4.100884912598077,5.910958825763657,6.63990349285351,8.153248061063898,8.275509463531677,8.93368542663198,9.68229847695735,8.331232533835188,1
Sample_41,8.35611250945311,5.362123654072817,5.890088748254261,9.784536783408393,12.421025369984799,3.063185723336665,2.7055826641444343,6.942457821606099,11.44379511839768,10.546922523107657,1
Sample_42,4.7184376333235125,7.802202654566728,7.325056556993266,7.355596414428865,10.698573343492695,9.316898382896301,8.163670178092827,7.527530316036359,11.581841230229575,5.182719273099216,1
Sample_43,7.348507263855224,8.971263584692476,6.704521644607215,12.018651015864535,6.823756235787629,8.544645363028431,11.2998958859973,7.402318553843836,7.891112426906704,7.986439586253996,1
Sample_44,7.063819289271219,5.331177388203484,10.334261805927845,6.219941422855843,10.128473306447198,9.012357298579424,7.006597674682825,9.112264038715667,9.27811609260986,7.720430017566871,1
Sample_45,9.791724107706871,9.997305385536846,3.5240088687557214,2.379598127021779,9.10032728833906,7.560163845011678,7.472287728051187,8.56330830102549,5.981682676510293,4.096609259337254,1
Sample_46,7.272171333452708,2.559206719632958,3.801060718261989,5.891213520355154,7.831756216867423,7.59873274795393,4.777572647761979,3.483608332332795,8.136940151765042,6.3788616043646496,1
Sample_47,2.6395722496330247,12.731696492751297,4.161207334587278,7.743526664810743,5.757863830905812,5.263520172375746,11.253460724877842,5.438430486957286,1.4822644510014031,5.1043806280955915,1
Sample_48,5.322967976189122,6.137774410071873,5.004951571167466,5.135068518492439,6.985297112219239,2.5482407601533024,7.391529516601846,6.144955001875117,7.283229114094375,10.743760209513393,1
Sample_49,7.009442630376205,6.510311678103249,6.659565155366457,5.626012053115706,6.275449104911445,7.915786101651002,9.188798869194775,6.814936165913958,5.74066302948783,8.71550609000708,1
Sample_50,7.780435331067675,8.067531765852092,3.7989583492830765,4.452634134706431,11.395050318859578,5.3832196304243976,9.32806161396473,7.011153646804794,9.469441109570749,3.2809862389300477,1
Sample_51,4.794250344596888,5.380827444762188,10.461957348457387,4.8557250000464265,6.264023747224028,4.78022463542275,9.558761446544086,4.606941111752029,10.178538992792493,3.5606164728298344,1
Sample_52,8.01311341793075,9.478305480212367,4.733024646812761,5.023561611396823,7.698574016059125,3.2979509557454976,6.075558620172328,11.606237097510979,6.763752127690094,7.77252269601764,1
Sample_53,6.526679080221681,7.212638072571942,9.764238301669351,1.119671166933526,8.523724600265908,4.522104251496174,7.2810798415734075,6.233531358676717,4.557763572257773,6.255380620208186,1
Sample_54,6.304873112984709,6.446560956323888,5.699279750040898,3.7301131302310884,4.142059953312744,3.5793294943032326,10.432981444057166,5.0862944985817755,5.049041373578548,7.319360205336086,1
Sample_55,3.943792249641877,9.217641153179903,5.6226431317231675,10.11832141503057,3.793245822836921,9.237779776039472,2.6951845836851156,5.921313175903012,4.86167658025776,7.544475483088765,1
Sample_56,8.031337106224658,5.297764028726894,4.873174181255662,9.854214083171268,6.524403844003441,5.667301654354282,7.539432056814964,8.407973041914172,9.536357602443331,4.055289066237388,1
Sample_57,6.544406266027389,4.460623774453456,6.310738992720768,6.933342951325991,4.2754835389641395,9.766226951298904,9.766747552270889,7.130731701629271,9.003531157237514,9.794902269170839,1
Sample_58,3.4247981555521516,6.106580747175587,6.3838139422336875,13.25490762037655,6.90741129530085,5.561688366757174,6.730737077787206,6.33280373580714,6.823283321913432,5.482787586254948,1
Sample_59,6.1148147096948575,7.92610082084014,8.882382306812962,3.7443403043615837,9.692293757070466,8.520985281869104,5.974761704188997,8.80492644336869,4.214734881342791,4.699661106569399,1
Sample_60,11.846475603412726,9.027280005848969,8.80716838110393,2.844255718995251,6.602520265386673,5.666880953893332,10.117590821341507,7.223461204793057,5.2550965467204005,7.150684326340568,1
Sample_61,7.231027254295859,7.838704138526025,6.5620842680020885,4.343230838651561,5.667760951746189,3.87030645089184,4.178526743225873,10.743548471267731,6.308241538620967,10.465673174772473,1
Sample_62,0.13989075142583873,6.106014587178073,4.955874871953701,10.876574782907701,5.626706796220088,7.880650313034734,8.023373214455951,9.182604345622376,7.208560146015664,10.75657490778455,1
Sample_63,8.032094266586542,4.7272759677955385,10.457302670122555,9.339709794126378,9.79964680751914,5.9311457618921875,8.067892847314837,10.618847350762223,10.575017577251765,4.715086191074569,1
Sample_64,6.459339402780747,2.029738668063753,6.610514751657805,7.896647172666599,9.514469692403601,2.831122114142661,5.853533285019921,2.8200239922826893,4.004677017931554,3.3345936116175494,1
Sample_65,6.067082571012682,6.430099512176592,9.499041376778147,5.682567125885031,10.01955982290876,6.261337175461344,6.0321131942535775,8.04383798731426,12.827776596774834,4.888431375432937,1
Sample_66,4.753504993608866,9.318741817474907,5.715947194168036,6.6170628961905615,7.028152009292852,5.973188383514458,7.928205463631016,5.270346834266096,5.35638461961914,8.16376874501455,1
Sample_67,4.250450872438763,5.130722068057691,6.298077836016224,2.74622820701493,5.3048017410389665,7.307987275055662,9.096420525495883,8.283242016041862,5.68025527951676,6.972216412248739,1
Sample_68,4.775924183538864,6.461970233266151,8.886138207386852,5.474564036624631,8.100533542201685,8.412911955175138,8.862421095791063,9.384875673093543,5.792945693040381,5.792208750265424,1
Sample_69,7.644237048550517,6.519698062053587,8.346043454949877,9.052813004916514,2.6497099927377374,7.570025543941898,6.069857969137142,5.041160866854784,7.968283885656849,1.7752681041030443,1
Sample_70,7.7783709698194965,7.344801220444378,8.146250836214664,6.096187012862686,11.385509446460823,2.2019173623550965,4.017682860973861,5.787396799798702,4.184475313414386,5.496669897170235,1
Sample_71,4.243969478649056,8.467980419633493,8.458732239681673,5.426629430217188,8.894431359486372,9.904162766108325,11.208021148665486,3.623555818104408,5.732546950959753,7.135075684715362,1
Sample_72,6.584129744635816,14.399138974832303,10.459755638424134,4.000080536191248,10.000179551375957,4.480189990583303,11.180301668814577,8.418037240634717,6.962893722473112,10.416305528653023,1
Sample_73,6.936762958364344,7.466282165602037,7.440249983904599,5.263413646881742,3.925065067534722,8.05688073080271,14.277706905385399,5.615629032965731,8.871270192136997,7.070805049255433,1
Sample_74,9.12059504413772,4.297780091253465,8.486942478696811,9.391592149495878,9.358167327773092,4.535465164357803,1.96193380645088,5.4277990585832265,9.531461515423263,8.694830124417596,1
Sample_75,9.274501451309295,3.147015760072774,8.487582950780746,8.810148687772656,7.779564606336714,8.456974246924002,7.163736054223371,9.623732256698773,2.4670993237181205,4.857556763222506,1
Sample_76,5.166084465090157,9.062366147604799,8.697992540627723,9.318653152229516,11.736877534064199,6.205686437552734,2.954969765385899,9.056557594312816,6.147675778259947,6.6452633245835075,1
Sample_77,9.537629275852368,6.951487813026196,5.619724735530918,11.95709032509445,8.618572778945143,10.81174359139938,5.63274741134098,9.248076964578726,5.650581917344697,10.847510773815412,1
Sample_78,4.46752127904878,7.2482785780963646,6.264789588317447,11.967106254466861,3.962664932602564,5.650183390141857,6.9740724048137,11.975241037740554,6.278012082980124,6.654353498836245,1
Sample_79,6.878289227057278,11.153254066170582,11.42643374732065,7.644410857377729,4.021060985745802,5.818194729594071,3.9563713548182715,5.066496428068621,9.524487498844103,8.83876366470169,1
Sample_80,11.157285875231635,7.084709081712242,5.19468037692792,9.179970271294135,5.541221181733694,9.49205994907411,7.7084818588769926,6.62124778476353,5.405805246317702,9.341686705390313,1
Sample_81,6.829523505071231,11.343620213676585,12.770658752707261,11.41487783836731,5.151773143666299,10.484697486242645,6.544421980412843,5.425300109548428,9.403706760582367,5.867179039784267,1
Sample_82,6.818683143768793,7.786993703521402,4.572662660363607,2.538795463799862,7.02549862601385,8.43162708078624,4.694777905307801,4.684311228331845,6.478041956742987,9.528228217545713,1
Sample_83,9.914392010316671,9.213722103130205,6.786031476305944,5.885194317196016,6.215223548566119,5.239679054093389,4.196432913772016,8.055339630428778,7.340582888634607,9.406540152274875,1
Sample_84,6.754220603542033,8.815400259554327,13.756121385297307,9.440925150067434,5.547069910704928,4.315517076520005,6.8178662311048495,7.424003991607196,8.805623534458515,2.1309972569769355,1
Sample_85,10.000890435571845,7.012263827692926,8.654422711040487,8.327432861731133,3.452338012188539,10.477648346887982,1.7846050272878142,9.574033586512451,3.94345623390204,7.323381924767819,1
Sample_86,4.606439512255898,10.499214713794515,8.205153223870138,-0.4477744308756697,9.103606760253813,8.623562868329655,9.962758383502306,6.254085527275836,5.652714358448849,3.386682077184172,1
Sample_87,6.709919300992166,10.13075139425602,7.075290306795197,9.403263023330048,5.115409243149524,8.24907354029116,4.992332626600331,5.351164525818594,3.363561747684217,6.161203692572958,1
Sample_88,4.497979392586797,5.412534675918208,1.6942928204870098,6.859489610456743,2.525565655744427,5.983534656523467,6.623108990385973,10.314022259500126,6.309975900505656,8.15585690322502,1
Sample_89,9.144173893906189,6.244540578099336,4.4158285661592425,9.561111365855155,10.348207300392252,6.291891942894303,10.72842047699048,12.081231843823122,10.98683904032184,4.427270340798297,1
Sample_90,5.747489358462519,6.633546126627831,5.967864309864497,5.072555698161075,10.338051717962752,5.529944858457557,0.6068539084904088,8.641614321978922,3.5888867233917208,9.411550980653775,1
Sample_91,6.154448362837086,7.017145768853945,5.918081114566746,10.473828897231757,5.444282792504851,8.903430106076613,6.935015577380353,2.7396560953671782,6.931823860288031,8.136440683383778,1
Sample_92,4.771897467659151,8.030520773418475,10.394474438120827,7.880966748655877,7.7935374430872075,6.797574995891581,7.683708624118415,9.165873263814737,3.8903199434499287,6.787453037011418,1
Sample_93,2.086414462710658,2.273102294748521,6.3127475191549784,10.942613463056968,7.346909871672915,4.022003059777621,5.425847825698458,9.39478914321092,8.281400256691638,7.926063407437269,1
Sample_94,8.565488908186865,11.032814973424582,5.302355356388874,9.974138768105131,6.345511057208933,7.4742815445871855,10.150359294606305,8.998021478976979,9.141852092572744,4.185096994867804,1
Sample_95,8.580269518537989,3.3606271488172075,6.270020811561801,8.303816371365606,6.9489236052221575,0.20929337378988944,7.3085634580904495,6.336203437736442,8.034816639590034,6.662025484159414,1
Sample_96,6.953853857115972,6.199777939572462,8.106880779687383,8.527580502180852,4.838131419515258,11.098060486383622,4.430914084449631,4.027745758151803,4.655835934708131,9.003839650638026,1
Sample_97,6.918377737778307,4.780149703999908,4.482854122483601,6.207564078855714,4.679805024901719,8.421046218113855,6.186784998522558,8.99348973913767,7.2036571939839655,4.24940856121395,1
Sample_98,6.067898202797201,7.875987311285103,10.852433312267364,2.090315529214676,8.240085057076953,10.189404184384625,7.4743500314204026,10.139728383250828,4.462470930787131,7.656360037967965,1
Sample_99,6.323279960703231,3.7645715657856895,12.523663077974565,8.249406333907025,5.392926315325553,9.666303143847347,3.2223328369195965,4.947301171000522,6.51665825740934,4.5089681066783225,1
Sample_100,4.507398455741265,7.3600264026464135,7.223273150575526,9.745213837747208,7.579428560175696,9.159290364968347,3.5639139847975523,6.216755060023616,4.221505462966327,11.116707619588654,1
Sample_101,4.510290971452908,4.8718520330670305,-0.04433805108176639,5.418228802953376,7.512062667835705,4.344334430553424,2.042137145161214,0.11973391291854596,6.039664583236174,2.685794161467429,0
Sample_102,2.1360981796557095,3.0738645547872565,5.583661640125946,1.588360768311766,3.596810525298798,-0.7280503225493388,3.7037677082059455,4.340198483158042,7.4784345429035834,1.6653578993677123,0
Sample_103,5.779163042289671,0.2758286278576785,0.5901319923304253,2.0472784581163928,6.978370019367295,4.308906604320377,5.555997898440425,3.7006447293838383,3.30922460772852,6.3645147210493125,0
Sample_104,7.453067593132163,2.518128497822069,2.306715370035196,3.125056001256565,4.488157705502928,7.165142638709288,5.793936332431753,5.215833568057343,1.3232643841966292,-0.025833887757662044,0
Sample_105,0.833541242746208,4.854691792352994,3.83177369665697,7.923111068992267,4.545828862491822,8.090835880621315,6.786205557997766,4.423071318370856,-0.05917045934765175,2.521234892264553,0
Sample_106,-0.6153980414133615,0.7932218035549252,0.29080419524707324,2.530951966669475,0.8402666268433628,2.971126483064271,4.354845881089353,0.6885386327440053,5.025324591528868,0.36507578449398004,0
Sample_107,3.310549400961872,3.3494891055026708,1.7687891094535022,4.990685741141046,1.7043638858904702,6.587631937689184,7.602041478226096,0.6879545117574923,2.1070232508765674,-0.9587737810758061,0
Sample_108,2.5479073286564953,4.116364269267695,9.652146005010215,3.2141800314258724,3.734397835317228,-0.40847887986697634,7.183695789397531,4.647046283974936,6.332144254370071,5.311069231255766,0
Sample_109,6.75910973942349,5.178994749934896,0.5648665686607184,6.346858538301138,1.939999063608366,3.013021567153862,2.764655210425642,9.179872134657774,3.944871497582003,2.4637232288999202,0
Sample_110,5.908138520706562,3.5485439558898944,3.714608868812942,1.850771077100353,0.6249214828439351,3.7995867810494817,4.466366664123628,1.1931704968506023,4.0638998589441595,7.384299673751755,0
Sample_111,1.8380244064391746,6.533340998849649,1.861642034279341,4.38521050726652,2.0679545225439497,0.945567484771958,6.053759036231989,5.596775804278503,-0.07979870316391258,3.1398193129482346,0
Sample_112,0.5641662062253087,3.177555393499717,0.354592207609575,3.130181311021627,4.048823188084565,2.4653886554865387,5.449981690160288,0.9523480933189554,6.51865100259845,0.7088182925116249,0
Sample_113,1.264221604217329,4.700832916042055,2.9324452084591224,2.9372858604478855,0.7635820452943154,4.20764854308288,2.5577076408249035,3.3554701327309253,2.6635655543410235,1.8738972841936352,0
Sample_114,0.852721684321236,1.6518825843821556,5.363815039084576,3.1385929624326354,2.7327211671203013,2.8722393664122765,4.306862147134519,0.08434403255218514,7.1874800254147555,1.0661549972544861,0
Sample_115,1.8858763573682533,5.277605124387263,3.7093421133577156,5.433055195656287,3.447013005756636,2.2643687622367032,2.9730674409077764,3.444255003560354,5.375918175601736,4.710092565490766,0
Sample_116,8.530087551532642,3.6128960326421513,9.094592265642774,1.6340795373381736,-0.5196120592073443,3.6994685220210677,2.9946740891716725,3.590933297403507,0.3660160793377206,7.666857944953847,0
Sample_117,5.759237848545919,-1.2940874610087483,-1.4052080286808095,1.0815018217052828,3.7656395796077247,3.7593229711900253,4.462574166293459,-0.3808511825622578,0.18609345987292958,6.7712332849881385,0
Sample_118,-0.4784170108390484,7.532702541796066,4.863583533712557,6.791583067547522,4.344818860359611,0.7620235528707167,0.6047871469266646,2.059326089909526,0.5668134915026903,0.8453953943115097,0
Sample_119,-1.649841379060547,2.819083009587898,6.254896010982472,-1.3533675401142378,0.2313560156750587,0.4820809943150785,3.00790300948338,1.1424662588787173,5.382247150067609,4.542836197443078,0
Sample_120,4.558412222322305,3.9666367061265375,7.165581769266288,3.748594173987844,2.8431000841210006,2.7942211978479223,6.936313914335846,4.1460988994565025,4.46886341106997,4.6469841214022845,0
Sample_121,2.059930498319713,5.047788579419967,9.59336475096868,2.1295391812974778,4.4418237156341185,7.102114499112725,2.5405247192031264,3.355100762366283,7.182000284006833,4.03676198295292,0
Sample_122,6.655566552238868,-0.2021851209828993,3.71012155703035,-1.9505978526277825,-0.09319991259310179,1.6793252426469087,3.22595070284628,3.7636299735064975,2.1596103805386706,2.017205797005206,0
Sample_123,6.434092331794263,4.513758488026306,7.720427273596756,5.056688082876219,1.4836031350601357,1.885648266595755,0.9900010001622147,4.709409987339232,0.08828096555783338,0.9327826825444079,0
Sample_124,2.723734465101587,5.77594119297567,1.9866332694210591,7.22443506303547,4.514416888334546,4.999929421078915,5.330836880080124,1.2684690564981973,3.4609629489377856,3.072345145824399,0
Sample_125,3.7894759965209426,1.6211744283348317,2.63206527923527,2.4561209119198883,0.5084179051717752,2.595603836104658,3.09459673420024,8.521846096326616,6.157389156077917,1.4265553037390268,0
Sample_126,-0.33762600765547496,8.137495817225133,5.815279606709158,2.3221275125491574,3.960540662664883,2.209318582572486,2.416015022476471,-0.11498437625999691,0.42477400661607767,2.4413038246881196,0
Sample_127,-1.840634657938045,0.31564427692291375,8.256097262139251,2.5151673939872157,1.6370995374975537,6.5780581551781205,5.463347847092216,4.727888483536988,2.372268333321048,4.230385659541902,0
Sample_128,2.06597535117725,0.9424035590455442,4.0056465570309365,3.6778973865566162,-0.40859968163597893,1.9800726474526487,3.8190979122383495,3.732557479927691,2.773371254209983,2.7362871755970897,0
Sample_129,4.674049620021521,2.899899986372174,-2.3963057915460935,0.21631751297809831,0.15484165781315518,0.2098627027773563,-0.1171279815027799,1.98010742540573,7.979910846551899,2.363623064256023,0
Sample_130,1.2634163656095536,7.631914078355721,2.0087501890938535,1.624865060331599,0.6870351062808733,4.240632200245679,7.919468827753432,5.779490185980044,4.171543697740516,7.948046479130527,0
Sample_131,5.177149095897562,3.129622841193086,1.584024685634068,0.638088950130759,5.332340603905379,-1.3058761852587033,2.2010159720543916,1.8439618426772528,5.417194668686989,7.400161280689059,0
Sample_132,2.727499378327592,0.2235950070203605,2.6104414764642163,-0.7545440444415357,4.667014944668732,3.5488472453680813,-0.4633450511944035,4.508888545906937,-0.29158183013045447,2.914035397448206,0
Sample_133,3.5511097562678566,0.4579066258256475,4.397542696764502,0.6272581527683776,0.2951154435927257,-3.9539366559431923,4.897465314171331,3.9658449980912436,4.1022038469712285,4.297055762674698,0
Sample_134,2.095587931662907,4.667770118085203,3.0317421929029367,0.3268336200024775,2.1151283803911483,4.576333533120772,-0.42373533673860664,2.681856284822451,1.5811231587380516,0.10205436342947852,0
Sample_135,4.163341337276626,1.1986498605280094,7.215999241579457,2.0888384545604652,4.795545891060325,-1.1317682423950783,3.148755130244357,4.489557430516621,5.603924614097149,-0.37663291015270683,0
Sample_136,8.635087715917352,7.110830322891007,-1.1566265730612972,6.2434844646634176,-0.05332996182233796,-0.1500830648696927,2.3591417073171486,2.237074299024871,4.472248251487533,5.00732023430702,0
Sample_137,9.136131586278752,0.9183250353126824,4.509409916836036,-0.052293595084635935,-2.4406309323206274,3.5799428922582237,2.487046324415854,2.8958188643367415,2.613912313554681,4.324380127180776,0
Sample_138,1.9093770521758613,4.3806419732233195,1.3729921933025837,1.0096492884971644,3.2918716868844133,7.82346049806798,-1.7727747773769762,3.792507830035899,2.3872562484819215,5.1168037403602415,0
Sample_139,5.430873900165816,0.9651101753258708,4.059922056681913,6.988381519427073,2.106372666059065,1.846115475716017,2.284402110539558,1.9239041471106408,5.655535194237312,6.203404372411393,0
Sample_140,2.053234192172388,-1.7207104424693098,2.7776147696155054,1.1815564175638766,8.339336322348949,1.7718987003734765,1.132305300471484,5.458797206810962,5.677956046058843,1.410403643480431,0
Sample_141,0.9974912007443781,1.0484173571087256,1.2796102610711912,2.923891847857839,-0.3442328820050259,2.900557559679875,4.569854091757426,6.761843331678602,4.454665161820083,2.0137845670896946,0
Sample_142,-1.6789517358793984,4.512978285241633,5.4585700545075,5.690315878116644,3.5246473668503615,3.789677780532059,3.5980259871400384,0.44127165938016333,8.88487338181924,4.374660717565169,0
Sample_143,3.259666770071675,4.625785607070943,3.224107827833853,-0.09863585876799164,4.408754463516855,4.087694125685639,2.4643343910438844,3.9091674292448917,4.1814016721035205,4.788270550094968,0
Sample_144,1.8523799052834007,5.913930618107438,2.6972503599920343,5.311209985511004,8.335686632923021,4.198882424655559,1.6989697950605493,1.1851343082212398,6.216860489443555,1.4746546086976107,0
Sample_145,2.804132365869161,2.813978860344018,0.16710343465484256,6.324326672876387,0.3941627661108607,0.8110834823894137,2.172004423615955,1.3417087248575743,-0.043979910225998786,7.073196383543635,0
Sample_146,5.119724797201178,1.2522034723242979,1.0205614224605883,4.738244189645534,5.968255814189103,5.884885827329793,6.42418413365737,1.8220369755526593,-0.6983583415798948,2.8559170780519225,0
Sample_147,1.8990900613846287,4.173664457288516,8.04885194966243,2.50005725875201,0.25120014642666266,3.0805032804072665,5.027880759966092,3.053579333838584,4.062446996308875,3.3548230114046946,0
Sample_148,2.803802568543545,-1.3337507475789843,3.056189906163445,6.833867546452743,2.396928210690653,0.9255964527448557,1.7546575097579837,4.857887843532775,5.827268140534827,1.6356125665065193,0
Sample_149,5.8552924159884245,4.841262879536512,8.035059967349053,7.085742277734635,3.7498600959504893,3.845388536774333,1.82422820678476,1.504894375874001,5.92701654621006,2.9879101867851956,0
Sample_150,-1.9324184027428002,5.219259607674027,1.3551992374124573,7.212908281814409,3.8753043047057387,5.446602569680628,5.2116882932531725,6.1270649084817475,4.470286833846263,3.4567301831898605,0
Sample_151,5.938514773199845,2.935007504541631,4.154916131887731,0.43466994520902147,5.063086979891244,4.344682278740656,2.6677201925896346,-1.4670006902402137,-0.41247948691669967,5.788061239543159,0
Sample_152,4.316365432291315,3.8502436118034167,0.8679977847196363,0.5314411233967257,4.073486652550102,8.605889961285502,3.6844289086654998,5.804323177157629,5.089799720413274,3.6567483147628175,0
Sample_153,3.1264117263260185,1.1889001481088166,3.4282694154333178,1.5748895764952906,3.8345288514719824,5.722240201107169,4.08754396436311,0.14570177204297696,2.50089018676531,0.27211373354374013,0
Sample_154,0.09975720633307972,4.949144555361684,0.5454668134644267,0.6794994013767216,0.34615209844230005,3.8076929011492253,1.8550173194524102,4.486913376954568,5.884750744749127,3.406601966377726,0
Sample_155,3.249728028117086,3.890811149587881,7.784490396069329,2.5378146765611063,7.259305618710098,3.3815857207491318,3.020721227063814,2.2945793167614763,-0.5943277652146435,3.670378129040065,0
Sample_156,1.6506898704353712,-0.42579354524073953,4.175492283703103,7.125637142338862,2.2758115158650005,3.854059464116793,6.07963151960446,3.905547414750832,2.6539097192290453,6.209020037142478,0
Sample_157,7.70514067921161,2.417723750527113,4.824958675291728,0.8298352878607221,2.076651311878546,8.013843527484243,-1.4356238058495037,1.8648820584336603,7.855480560952467,1.8069853532812437,0
Sample_158,9.855831330055743,1.7835963694577779,5.061577496585487,2.8711887725291496,3.5526472016824355,5.02323131291353,0.7693295173930661,2.389996379993472,-0.9557320090292745,1.9420643380290354,0
Sample_159,1.5412909925599265,3.101333796491914,0.7918763943374997,-1.8812558770821737,-0.6032458604289408,0.7933594740018115,1.3620304741502864,3.396402331771111,6.269339783672243,0.724288956167384,0
Sample_160,3.183917869951081,3.488917318863073,7.95566254784163,-0.6879992204793424,0.850124486573582,1.5670073225611987,7.571344464516859,-0.24259818903745667,1.446598800721484,4.351047595055875,0
Sample_161,1.5586753640808961,5.6046945210626475,-2.29715844241091,3.301562433957398,2.705896343799535,6.183271655997431,3.240491919434776,0.7400732875615712,6.179719760225019,4.294890429945121,0
Sample_162,2.060088745666066,2.887991013159823,2.0996154423035738,2.974029329571441,-2.9739169462520447,4.845635425057073,2.631277590997935,0.7511239734967491,3.284706396894678,7.468834776630599,0
Sample_163,3.683850675687512,1.9987357599040478,1.9751879304965356,2.6927749281245914,1.1689525815405133,5.656000285541326,-1.4070286358155863,3.96681324492533,1.5808286362414883,1.8194532032765607,0
Sample_164,2.8333673171742544,3.9164553629721466,1.8432452399628216,-0.778067144007926,3.278180549282244,3.9803387708956706,4.5913000391270335,3.5420287897711993,1.8606276185705732,2.200169346430065,0
Sample_165,0.36641715487001436,1.7644252918327967,0.19193516314701675,6.171692302214677,-1.627347387800139,4.337133927272891,2.169981590283565,-0.7982204748679386,-0.047145534374553044,4.420106815609513,0
Sample_166,1.1166721594856068,2.58330600835375,1.4519903588386376,1.990653644887818,2.725453178081732,1.4173421236006132,2.0018461850020586,2.632034499456897,1.9120915513768968,4.707637262889341,0
Sample_167,1.8160035946013817,-0.27897716263719397,8.41921415715111,4.166834468545053,4.6970114207612035,3.1230628504772624,5.4226222201448255,1.8213215261715487,5.640548718298101,4.118079152581309,0
Sample_168,3.546074381765855,6.007323691338232,-0.4496278701517441,-1.0674437257590998,5.784445178272739,0.7046530455946884,-1.4953088019861251,-2.6570006065352634,6.202141452118106,3.0682210242665002,0
Sample_169,1.5396390391175598,-0.47853266116703463,5.919783732174507,2.718068822729381,1.345206729357531,2.64168151746033,4.296292575198944,3.5383761058841654,-0.07779533381884851,5.040842927217451,0
Sample_170,-1.0552160012165297,8.037580224023817,4.2327025250275705,4.0411768760574045,-1.0491441311551088,-1.11521757717336,7.502898679726626,2.82090233417101,4.7470970890122395,-2.629347310433964,0
Sample_171,1.4507216182077818,2.382362393223619,3.679351015095876,1.5596221938454211,2.2927186142897376,5.837537152216056,1.3121177365252794,6.365759134673864,1.0776883358021159,3.1405291448799075,0
Sample_172,5.764189159535898,6.662023952403654,0.4259262388492791,2.2600484299038097,2.499380344738559,-0.20546832436571016,2.2440150623657913,1.7038785534188325,3.477906767335919,-2.7252624106431047,0
Sample_173,-0.404604974730837,4.897650785367859,-0.6404382081325761,3.9329351238356836,1.0541551487546186,-0.586499701716928,3.2871898917316456,0.589818831946874,2.9544566756099586,2.702498997121932,0
Sample_174,1.7783289411418095,0.15165958139845603,3.785492133683654,2.3642571370714363,3.249967585532085,2.962472429277403,2.3633213872370815,3.1958718090454528,1.9536456912757387,3.4503165066314647,0
Sample_175,1.8784859677614776,5.568297482755494,5.889900246892319,5.8608689415591755,-0.4390427965984247,5.25395466806448,1.500945043718232,1.7133356735812428,5.14411637844006,3.7487348228414263,0
Sample_176,3.7910275072514943,5.718288063214288,3.805300533353419,4.445199128345151,2.402795859729605,-0.884812331990107,3.525172570260321,3.3457630960024947,3.662518639002994,0.9302834816516343,0
Sample_177,0.6281053676971302,2.8665133987220757,5.3625993894664274,0.24190227099929262,1.7752740262203304,10.472810559655084,7.418589612290498,7.227966158669526,5.2188926838334835,3.4561563135958715,0
Sample_178,2.1342362174015292,8.261919507372326,7.475550883927529,3.9242871047180112,5.532194337327642,3.3707312374463494,4.4424533670338695,4.003160930502512,0.18583524362033232,6.967262485867798,0
Sample_179,3.1649312014704236,4.697019025248411,5.888710783772918,3.1389853147693967,2.6356283907684186,2.147107925640423,1.3664703761395507,1.763551648996747,2.438071619362808,-1.4765437342796566,0
Sample_180,3.137093515977485,3.809693833760335,5.867521185926497,6.1234324638336295,1.629241257455016,4.706370524668166,2.2851519774029163,2.7020102005721416,1.599055025693969,5.21807169485267,0
Sample_181,1.1472084359628103,7.388671258803174,3.7315317884032013,4.322649480596083,5.01160976744244,1.6043935023993434,4.212229386584623,5.7018671027654,4.210271571835408,0.3614428394232898,0
Sample_182,2.5009458020129367,5.166402276636294,1.0563247462074146,5.82608729060077,4.784219296742847,2.6362921933302994,6.394223143434288,-2.834841454168791,6.314655474958418,2.1478713400875407,0
Sample_183,1.108355344200532,2.772032074165236,3.233572841913669,-0.43850565256449436,1.0330311833721382,5.470244858694393,2.2908649456460437,0.31279010573065524,3.5931669904691486,2.244389145161458,0
Sample_184,3.8874136392896723,-0.5753960662002582,10.098001697381068,-1.4681192018749523,4.225419503666154,4.328448735102123,5.9800885227752145,3.674532933604456,7.039564129781714,9.321655348648445,0
Sample_185,2.785984170365503,0.6272352155333879,0.5089905335845974,4.437658267831859,0.36651666881341427,1.6499255220560245,1.0878885274420276,-0.875380082323404,1.837085220792339,2.754854070901971,0
Sample_186,4.73337482888458,5.149715400995226,-0.3631379193997403,3.893523583164267,1.6977880366447355,1.135916249659517,2.3627601362867074,1.6395058904564923,4.4568420668374085,6.362365591606653,0
Sample_187,-0.5987793296498592,4.370948860682694,-1.3431381071523054,1.9361859398460215,-1.4513936902065308,3.3144933791929985,1.604775607443012,2.0589815209390743,3.3507920303445276,0.9616927546603877,0
Sample_188,1.3453232442766772,2.834625725866141,4.407722089157467,4.75943916664542,0.8145529753564746,4.178410358209928,7.078967079043788,3.0570678160602442,-0.9227572494970306,-2.0140030745205015,0
Sample_189,3.947213482873574,6.675402494502169,2.27821171980091,3.4271475720057256,1.4144747753532247,10.434562614269012,1.6465469200035023,3.3202083273030354,5.880523082115488,4.567282641341265,0
Sample_190,2.9864031960104103,2.722322213414729,3.307428882702782,4.124160920818096,6.457790684337169,9.46636061895777,4.56962206403061,2.2043042886446838,4.6562259549503615,3.4620832545634763,0
Sample_191,0.6345931558128761,5.5571060041632006,1.2084893220029629,5.885282152597353,1.3690971770256135,6.2462775822895,1.1130964497054316,2.7806243266223047,4.013506998027771,-0.14138846744013223,0
Sample_192,3.730035532682149,5.300216061485089,4.104260899200474,2.878518041566207,-0.6116135616885857,3.7835610492920524,6.030906621466281,4.4256900787707885,3.306292680938138,4.129064823797785,0
Sample_193,4.27312568403933,-2.5398441837308585,0.2963556810155869,3.0038132382396205,1.7513596161412042,2.958147090282483,4.2017878798644555,1.1919381601244388,2.3859658154552292,3.640025389007257,0
Sample_194,3.5520270191360237,3.7762619843588845,2.7443204544035877,3.1570310711764784,3.1367791550897506,3.471602214046054,3.3882991323324787,1.8748241591861396,0.16198744163855094,5.254834332179515,0
Sample_195,2.384093321439302,0.1985106549207034,4.545621887747166,3.823090124707602,4.309908841104331,3.798564764953519,10.256644050339723,5.54754375358786,2.8352318306389637,0.4465627837631656,0
Sample_196,0.6592887405920567,3.670000252444086,4.027529744292067,4.033527604870454,1.2618436589601825,8.456331828744336,1.3557044280551684,3.279465398561099,3.4154350379943246,4.96799053785184,0
Sample_197,2.4373095376304947,1.5653076064477984,2.0152383348059484,6.853666716134666,-0.13768139844871952,1.1157079087436381,-0.0017529171519707898,3.423333575870819,2.7350777692074146,2.533563092105021,0
Sample_198,1.054978849173771,4.386028785010772,3.0992152174595162,1.249548088780815,4.971240347014247,4.206757472726616,4.066453224683711,1.9276476904596982,3.7759796136197044,4.880953008392524,0
Sample_199,1.1258651623283578,4.5764926326121484,2.7039915377073642,1.4892229492725626,5.077227185639746,4.111225297122273,1.82519928986782,2.651227953419164,1.4446109395756466,4.06504243559319,0
Sample_200,5.495586092222123,2.159251707364109,5.106540849306644,1.963846852717818,1.0890363083410806,6.183056291490939,4.497126488177598,9.968537966367457,4.103260684153818,3.5767670728698326,0
